epoch,accuracy,loss,val_accuracy,val_loss
0,0.9512196183204651,0.047804370522499084,0.957493007183075,0.026730133220553398
1,0.957798421382904,0.024562574923038483,0.9579798579216003,0.02394000254571438
